repo,date,commits,files_changed,insertions,deletions,ai_coauthored_commits,first_commit_local,last_commit_local,span_minutes
stripe-wallet,2025-10-21,7,166,77626,4,0,09:22,17:26,484
stripe-wallet,2025-10-22,4,39,11516,1532,0,11:39,16:06,267
stripe-wallet,2025-10-23,9,100,4579,6297,0,12:12,15:32,199
stripe-wallet,2025-10-24,7,55,1666,69,0,13:37,15:59,142
stripe-wallet,2025-10-26,1,13,15721,0,0,19:40,19:40,0
stripe-wallet,2025-10-27,8,64,80416,83,0,14:21,19:02,281
stripe-wallet,2025-10-30,1,137,26120,360,0,12:37,12:37,0
stripe-wallet,2025-10-31,11,227,16942,1942,0,10:50,16:53,362
stripe-wallet,2025-11-03,21,41,543,282,0,12:31,17:02,271
stripe-wallet,2025-11-04,10,62,33661,381,0,11:52,14:32,160
stripe-wallet,2025-11-05,6,24,2718,199,0,15:06,17:37,151
stripe-wallet,2025-11-06,11,47,62773,772,0,11:05,13:05,120
stripe-wallet,2025-11-07,16,186,51231,184,0,08:57,17:51,534
stripe-wallet,2025-11-11,10,22,430,121,0,09:45,16:31,407
stripe-wallet,2025-11-12,6,54,11478,1138,0,12:10,17:03,293
stripe-wallet,2025-11-13,1,23,6305,102,0,11:43,11:43,0
stripe-wallet,2025-11-17,1,55,16649,210,0,16:26,16:26,0
stripe-wallet,2025-11-19,4,127,23863,1814,0,08:57,20:17,680
stripe-wallet,2025-11-20,1,2,123,22,0,13:39,13:39,0
stripe-wallet,2025-11-24,2,46,3906,1128,0,12:26,12:27,1
stripe-wallet,2025-11-25,2,20,964,162,0,13:42,13:42,0
stripe-wallet,2025-11-26,13,42,4231,719,0,10:26,17:51,445
stripe-wallet,2025-11-27,3,3,137,72,0,07:12,13:09,357
stripe-wallet,2025-11-28,3,97,13323,1495,0,13:34,18:30,296
stripe-wallet,2025-12-01,9,212,8360,151740,0,10:35,16:51,376
stripe-wallet,2025-12-02,9,113,16854,1668,0,11:40,15:31,231
stripe-wallet,2025-12-03,6,277,12962,1309,0,09:12,15:53,401
stripe-wallet,2025-12-04,5,61,6957,654,0,11:30,15:17,227
stripe-wallet,2025-12-05,9,96,9118,320,2,09:23,16:41,438
stripe-wallet,2025-12-08,2,23,2883,54,0,16:50,22:28,398
stripe-wallet,2025-12-09,5,110,14560,2777,0,11:50,16:24,274
stripe-wallet,2025-12-15,4,43,3837,34,0,17:05,22:45,401
stripe-wallet,2025-12-16,1,98,14513,125,0,16:20,16:20,0
stripe-wallet,2025-12-18,1,7,1871,23,0,15:08,15:08,0
stripe-wallet,2025-12-29,1,34,1,5031,0,14:22,14:22,0
stripe-wallet,2026-01-09,1,17,363,169,0,14:44,14:44,0
payment-base,2026-01-13,1,1,2,0,0,12:11,12:11,0
stripe-wallet,2026-01-13,1,46,2842,149,0,10:47,10:47,0
payment-base,2026-01-14,1,257,32415,2,0,15:44,15:44,0
payment-base,2026-01-15,7,46,1300,2843,0,13:16,16:18,182
stripe-wallet,2026-01-15,14,381,1683,32268,0,12:59,17:31,272
payment-base,2026-01-16,22,62,1114,576,0,09:20,17:44,504
stripe-wallet,2026-01-16,13,323,3605,6498,0,08:35,18:24,588
payment-base,2026-01-19,1,1,1,21,0,15:07,15:07,0
stripe-wallet,2026-01-19,1,2,14,42,0,15:20,15:20,0
payment-base,2026-01-20,1,65,2966,5979,0,16:22,16:22,0
stripe-wallet,2026-01-20,1,54,7905,1433,0,16:24,16:24,0
stripe-wallet,2026-01-21,1,1,1,1,0,15:16,15:16,0
stripe-wallet,2026-01-23,2,41,6193,1198,0,16:35,18:26,111
payment-base,2026-01-26,1,10,0,1422,0,10:39,10:39,0
stripe-wallet,2026-01-26,2,48,3895,1184,0,15:52,16:20,28
stripe-wallet,2026-01-27,3,4,11,0,0,10:46,13:29,163
payment-base,2026-01-28,2,30,763,1650,0,14:05,14:21,16
stripe-wallet,2026-01-28,2,75,2559,6662,0,14:25,15:42,77
payment-base,2026-01-29,2,11,678,34,0,12:08,13:19,70
stripe-wallet,2026-01-29,2,899,3020,5843,0,14:38,17:14,156
payment-base,2026-01-30,2,21,1069,989,0,11:52,12:03,12
stripe-wallet,2026-01-30,2,118,1644,1849,0,11:54,12:10,16
payment-base,2026-02-02,7,9,213,19,0,13:59,17:31,212
stripe-wallet,2026-02-02,3,34,19,2971,0,12:12,17:41,329
payment-base,2026-02-03,10,14,165,121,0,10:13,12:29,136
stripe-wallet,2026-02-03,6,7,42,7,0,09:29,13:49,260
payment-base,2026-02-04,5,40,780,829,0,09:30,12:24,174
stripe-wallet,2026-02-04,5,130,8923,2021,0,09:31,12:52,200
stripe-wallet,2026-02-05,13,76,3261,977,0,09:12,17:32,500
payment-base,2026-02-06,2,11,1619,4,0,11:28,14:29,181
stripe-wallet,2026-02-06,3,125,9001,9015,0,11:36,18:55,439
stripe-wallet,2026-02-09,3,16,10218,1,0,11:21,14:32,192
stripe-wallet,2026-02-11,2,13,6573,3,0,15:42,16:56,74
payment-base,2026-02-12,1,44,3788,0,0,16:43,16:43,0
stripe-wallet,2026-02-12,1,46,3030,103,0,16:45,16:45,0
payment-base,2026-02-13,1,49,1198,60,0,17:04,17:04,0
stripe-wallet,2026-02-13,1,85,17299,105,0,17:03,17:03,0
payment-base,2026-02-16,2,10,163,14,0,18:00,18:22,22
stripe-wallet,2026-02-16,3,43,6428,773,0,18:00,18:29,29
payment-base,2026-02-17,1,3,41,9,0,14:18,14:18,0
stripe-wallet,2026-02-17,1,7,996,13,0,14:18,14:18,0
payment-base,2026-02-18,1,1,14,0,0,13:31,13:31,0
stripe-wallet,2026-02-18,4,24,1317,233,0,13:12,13:47,36
stripe-wallet,2026-02-19,1,422,7066,175,0,13:50,13:50,0
payment-base,2026-02-20,1,8,352,7,0,09:32,09:32,0
stripe-wallet,2026-02-20,1,4,165,124,0,09:32,09:32,0
payment-base,2026-02-23,1,2,139,3,0,12:02,12:02,0
stripe-wallet,2026-02-23,5,81,12582,69,0,12:02,13:43,101
payment-base,2026-02-24,1,18,1126,60,0,15:01,15:01,0
stripe-wallet,2026-02-24,2,36,6321,143,0,15:33,15:33,0
payment-base,2026-02-25,1,4,11,16,0,13:39,13:39,0
stripe-wallet,2026-02-25,4,11,3031,3091,0,10:09,15:31,322
stripe-wallet,2026-02-26,1,6,292,2,0,14:37,14:37,0
payment-base,2026-02-27,2,4,201,29,0,16:20,16:45,25
stripe-wallet,2026-02-27,2,20,1881,497,0,11:46,16:43,296
payment-base,2026-03-02,1,7,76,107,0,17:03,17:03,0
stripe-wallet,2026-03-02,2,475,3082,18363,0,11:01,17:10,369
stripe-wallet,2026-03-03,1,1,3,3,0,00:13,00:13,0
stripe-wallet,2026-03-04,2,33,1954,353,0,11:08,11:08,0
stripe-wallet,2026-03-09,2,11,350,234,0,14:59,14:59,0
stripe-wallet,2026-03-11,2,7,34,8,0,19:49,19:49,0
stripe-wallet,2026-03-13,1,2,5,5,0,10:57,10:57,0
stripe-wallet,2026-03-17,3,11,4,157,0,11:11,15:03,231
stripe-wallet,2026-03-19,2,5,17,4,0,14:49,16:48,118
stripe-wallet,2026-03-23,2,4,115,3,0,16:11,16:21,11
stripe-wallet,2026-03-24,2,23,3780,120,0,14:10,14:59,49
payment-base,2026-03-25,1,0,0,0,0,14:19,14:19,0
stripe-wallet,2026-03-25,5,77,758,1189,0,10:05,14:42,277
stripe-wallet,2026-03-26,1,12,485,162,0,16:43,16:43,0
stripe-wallet,2026-03-27,5,6,105,5,0,11:41,14:54,193
payment-base,2026-03-31,1,5,262,7,0,15:20,15:20,0
stripe-wallet,2026-03-31,3,11,445,380,0,12:35,15:19,163
stripe-wallet,2026-04-01,3,5,14,4,0,13:11,15:51,160
stripe-wallet,2026-04-02,2,40,4497,191,0,12:45,16:30,225
payment-base,2026-04-07,1,4,108,3,0,13:36,13:36,0
stripe-wallet,2026-04-07,1,8,8,8,0,13:42,13:42,0
stripe-wallet,2026-04-08,3,82,3336,346,0,13:15,18:38,323
stripe-wallet,2026-04-13,1,9,297,3,0,18:47,18:47,0
stripe-wallet,2026-04-15,2,8,472,7,0,17:24,19:19,115
stripe-wallet,2026-04-16,7,26,1250,71,0,11:23,16:00,277
stripe-wallet,2026-04-17,2,13,249,125,0,14:01,16:09,128
payment-base,2026-04-21,1,21,1462,0,0,20:05,20:05,0
stripe-wallet,2026-04-21,2,18,633,2189,0,20:05,20:10,5
payment-base,2026-04-22,2,6,437,0,0,14:08,16:42,153
stripe-wallet,2026-04-22,4,8,103,79,0,10:44,16:42,357
payment-base,2026-04-23,1,27,1384,155,0,16:33,16:33,0
stripe-wallet,2026-04-23,2,31,1680,1637,0,09:11,16:33,442
stripe-wallet,2026-05-04,1,49,553,10,0,16:14,16:14,0
payment-base,2026-05-05,1,5,346,9,0,10:46,10:46,0
stripe-wallet,2026-05-05,2,9,1200,9,0,10:46,15:00,254
stripe-wallet,2026-05-07,6,29,2616,67,5,16:36,21:04,268
payment-base,2026-05-08,3,402,15542,1234,0,13:49,21:19,450
stripe-wallet,2026-05-08,6,167,3390,1089,0,13:49,21:19,449
payment-base,2026-05-13,3,9,524,16,2,11:00,14:17,197
stripe-wallet,2026-05-13,4,89,17332,1166,3,13:14,14:10,56
payment-base,2026-05-15,1,6,146,5,0,17:42,17:42,0
stripe-wallet,2026-05-15,2,57,1433,1854,1,16:03,18:05,122
stripe-wallet,2026-05-18,3,26,4036,31,1,09:58,17:40,463
payment-base,2026-05-19,2,15,2509,79,0,14:38,16:24,106
stripe-wallet,2026-05-19,1,2,8,60,0,16:24,16:24,0
stripe-wallet,2026-05-20,1,1,2,0,0,11:12,11:12,0
payment-base,2026-05-21,1,2,162,30,0,09:51,09:51,0
stripe-wallet,2026-05-21,3,11,775,15,0,10:54,12:12,78
stripe-wallet,2026-05-22,1,61,5431,1255,0,11:36,11:36,0
payment-base,2026-05-26,1,11,63,63,0,11:21,11:21,0
stripe-wallet,2026-05-26,2,16,1561,65,0,16:26,16:26,0
stripe-wallet,2026-05-27,33,142,6961,4742,33,10:28,22:12,703
payment-base,2026-05-28,2,6,206,0,2,09:35,09:46,12
stripe-wallet,2026-05-28,29,191,8677,1333,25,08:58,14:05,307
payment-base,2026-05-29,1,54,3523,1,0,19:12,19:12,0
stripe-wallet,2026-05-29,2,134,4436,147,0,10:51,19:13,502
payment-base,2026-06-02,2,48,417,43,0,15:39,16:35,56
stripe-wallet,2026-06-03,2,5,54,11,0,15:13,16:17,64
stripe-wallet,2026-06-05,1,30,2825,31,0,13:47,13:47,0
payment-base,2026-06-08,1,1,9,0,0,12:01,12:01,0
stripe-wallet,2026-06-08,4,13,513,24,0,12:50,16:29,219
stripe-wallet,2026-06-09,13,33,2443,187,11,13:09,15:24,135
stripe-wallet,2026-06-10,10,22,922,97,1,12:40,20:10,450
stripe-wallet,2026-06-12,8,20,1220,84,6,10:34,13:25,171
stripe-wallet,2026-06-15,1,7,624,13,0,16:50,16:50,0
payment-base,2026-06-16,3,20,988,1,0,13:18,16:46,208
stripe-wallet,2026-06-16,1,3,398,0,0,13:24,13:24,0
stripe-wallet,2026-06-17,3,18,1313,15,1,16:03,18:00,117
stripe-wallet,2026-06-18,1,1,4,0,0,14:42,14:42,0
payment-base,2026-06-22,1,12,643,52,0,16:07,16:07,0
stripe-wallet,2026-06-22,3,21,1596,88,0,10:46,16:15,330
payment-base,2026-06-23,1,1,168,0,0,10:52,10:52,0
stripe-wallet,2026-06-23,4,76,5962,146,0,10:52,14:36,223
payment-base,2026-06-24,1,3,309,3,0,19:09,19:09,0
payment-base,2026-06-25,3,58,1054,684,0,10:44,11:55,71
stripe-wallet,2026-06-25,3,14,89,56,0,14:00,14:44,44
payment-base,2026-06-26,1,1,5,1,0,14:13,14:13,0
stripe-wallet,2026-06-26,3,143,710,1353,0,13:17,15:21,124
stripe-wallet,2026-06-29,1,2,48,11,0,17:30,17:30,0
stripe-wallet,2026-07-02,3,582,106195,16,0,12:49,14:05,76
stripe-wallet,2026-07-03,1,1,1,0,0,14:14,14:14,0
stripe-wallet,2026-07-06,1,4,30,12,0,13:56,13:56,0
stripe-wallet,2026-07-07,3,10,31,31,0,22:53,22:53,0
payment-base,2026-07-08,1,4,71,10,0,16:13,16:13,0
stripe-wallet,2026-07-13,3,4,35,23,3,16:10,18:34,144
stripe-wallet,2026-07-14,4,14,460,61,3,10:02,11:58,116
stripe-wallet,2026-07-17,1,1,14,8,1,17:04,17:04,0
payment-base,2026-07-22,1,9,145,27,1,17:19,17:19,0
stripe-wallet,2026-07-22,1,3,16,7,1,17:20,17:20,0
payment-base,2026-07-23,1,7,163,0,1,15:51,15:51,0
stripe-wallet,2026-07-23,6,29,940,40,6,15:03,17:48,165
stripe-wallet,2026-07-29,2,8,184,54,2,15:47,15:57,10
stripe-wallet,2026-07-31,2,6,136,4,2,14:43,17:41,178
payment-base,2026-08-11,2,2,8,0,0,14:30,14:30,0
stripe-wallet,2026-08-11,2,8,16,18,0,14:32,14:32,0
payment-base,2026-08-12,1,1,1,1,0,16:11,16:11,0
stripe-wallet,2026-08-12,1,2,23,0,1,16:34,16:34,0
stripe-wallet,2026-08-13,1,2,0,23,1,10:22,10:22,0
stripe-wallet,2026-08-18,1,1,40,1,1,11:26,11:26,0
payment-base,2026-08-19,8,16,620,6,8,13:27,17:14,227
stripe-wallet,2026-08-19,18,91,5342,304,18,13:20,18:06,286
payment-base,2026-08-20,4,9,84,14,4,09:25,10:42,77
stripe-wallet,2026-08-20,4,15,513,42,3,09:25,10:04,40
