file,line,mutator
src/Stripe/Core/ShopId.php,36,GreaterThanOrEqualTo
src/Stripe/Core/ShopId.php,40,LogicalAnd
src/Stripe/Core/ShopId.php,40,GreaterThanOrEqualTo
src/Stripe/EventSystem/Handler/OpcExternalReturnCleanupHandler.php,72,ArrayItemRemoval
src/Stripe/EventSystem/Handler/OpcExternalReturnCleanupHandler.php,72,MethodCallRemoval
src/Stripe/EventSystem/Handler/OpcExternalReturnCleanupHandler.php,88,MethodCallRemoval
src/Stripe/EventSystem/Handler/StripePaymentStatusHandler.php,50,MethodCallRemoval
src/Stripe/EventSystem/Handler/StripePaymentStatusHandler.php,53,MethodCallRemoval
src/Stripe/EventSystem/Handler/StripePaymentStatusHandler.php,62,MethodCallRemoval
src/Stripe/EventSystem/Handler/StripePaymentStatusHandler.php,64,ArrayItemRemoval
src/Stripe/EventSystem/Handler/StripePaymentStatusHandler.php,64,MethodCallRemoval
src/Stripe/EventSystem/Handler/StripePaymentStatusHandler.php,77,LogicalAnd
src/Stripe/EventSystem/Handler/StripePaymentStatusHandler.php,81,ArrayItemRemoval
src/Stripe/EventSystem/Handler/StripePaymentStatusHandler.php,81,MethodCallRemoval
src/Stripe/EventSystem/Handler/StripePaymentStatusHandler.php,91,ArrayItemRemoval
src/Stripe/EventSystem/Handler/StripePaymentStatusHandler.php,91,MethodCallRemoval
src/Stripe/EventSystem/Handler/StripePaymentStatusHandler.php,92,ArrayItem
src/Stripe/EventSystem/Handler/StripePaymentStatusHandler.php,93,ArrayItem
src/Stripe/EventSystem/Handler/StripePaymentStatusHandler.php,115,ArrayItemRemoval
src/Stripe/EventSystem/Handler/StripePaymentStatusHandler.php,115,MethodCallRemoval
src/Stripe/EventSystem/Handler/StripePaymentStatusHandler.php,116,ArrayItem
src/Stripe/EventSystem/Handler/StripePaymentStatusHandler.php,137,NotIdentical
src/Stripe/EventSystem/Handler/StripePaymentStatusHandler.php,170,ArrayItemRemoval
src/Stripe/EventSystem/Handler/StripePaymentStatusHandler.php,170,MethodCallRemoval
src/Stripe/EventSystem/Handler/StripePaymentStatusHandler.php,171,ArrayItem
src/Stripe/EventSystem/Handler/StripePaymentStatusHandler.php,173,Concat
src/Stripe/EventSystem/Handler/StripePaymentStatusHandler.php,173,ConcatOperandRemoval
src/Stripe/EventSystem/Handler/StripePaymentStatusHandler.php,173,ConcatOperandRemoval
src/Stripe/EventSystem/Handler/StripeRefundRequestHandler.php,62,MethodCallRemoval
src/Stripe/EventSystem/Handler/StripeRefundRequestHandler.php,65,MethodCallRemoval
src/Stripe/EventSystem/Handler/StripeRefundRequestHandler.php,72,ArrayItemRemoval
src/Stripe/EventSystem/Handler/StripeRefundRequestHandler.php,72,MethodCallRemoval
src/Stripe/EventSystem/Handler/StripeRefundRequestHandler.php,73,ArrayItem
src/Stripe/EventSystem/Handler/StripeRefundRequestHandler.php,74,ArrayItem
src/Stripe/EventSystem/Handler/StripeRefundRequestHandler.php,75,ArrayItem
src/Stripe/EventSystem/Handler/StripeRefundRequestHandler.php,78,MethodCallRemoval
src/Stripe/EventSystem/Handler/StripeRefundRequestHandler.php,116,Coalesce
src/Stripe/EventSystem/Handler/StripeRefundRequestHandler.php,181,MethodCallRemoval
src/Stripe/EventSystem/Handler/StripeRefundRequestHandler.php,182,MethodCallRemoval
src/Stripe/EventSystem/Handler/StripeRefundRequestHandler.php,199,Coalesce
src/Stripe/EventSystem/Handler/StripeRefundRequestHandler.php,211,MethodCallRemoval
src/Stripe/EventSystem/Handler/StripeRefundRequestHandler.php,213,ArrayItem
src/Stripe/EventSystem/Handler/StripeRefundRequestHandler.php,213,ArrayItemRemoval
src/Stripe/EventSystem/Handler/StripeRefundRequestHandler.php,214,ArrayItemRemoval
src/Stripe/EventSystem/Handler/StripeRefundRequestHandler.php,215,ArrayItem
src/Stripe/EventSystem/Handler/StripeRefundRequestHandler.php,216,ArrayItem
src/Stripe/EventSystem/Handler/StripeRefundRequestHandler.php,217,ArrayItem
src/Stripe/EventSystem/Handler/StripeRefundRequestHandler.php,227,MethodCallRemoval
src/Stripe/EventSystem/Handler/StripeRefundRequestHandler.php,228,MethodCallRemoval
src/Stripe/EventSystem/Handler/StripeRefundRequestHandler.php,229,MethodCallRemoval
src/Stripe/EventSystem/Handler/StripeRefundRequestHandler.php,230,MethodCallRemoval
src/Stripe/EventSystem/Handler/StripeRefundRequestHandler.php,232,ArrayItemRemoval
src/Stripe/EventSystem/Handler/StripeRefundRequestHandler.php,232,MethodCallRemoval
src/Stripe/EventSystem/Handler/StripeRefundRequestHandler.php,233,ArrayItem
src/Stripe/EventSystem/Handler/StripeRefundRequestHandler.php,234,ArrayItem
src/Stripe/Service/BasketBuyabilityValidator.php,37,Foreach
src/Stripe/Service/BasketBuyabilityValidator.php,50,ArrayOneItem
src/Stripe/Service/CheckoutReturnService.php,53,ArrayItemRemoval
src/Stripe/Service/CheckoutReturnService.php,87,ArrayItemRemoval
src/Stripe/Service/CheckoutReturnService.php,103,UnwrapStrToUpper
src/Stripe/Service/CheckoutReturnService.php,124,ArrayItemRemoval
src/Stripe/Service/CheckoutReturnService.php,126,ArrayItem
src/Stripe/Service/CheckoutSessionService.php,87,ArrayItemRemoval
src/Stripe/Service/CheckoutSessionService.php,129,ArrayItemRemoval
src/Stripe/Service/CheckoutSessionService.php,131,ArrayItem
src/Stripe/Service/CheckoutSessionService.php,132,ArrayItem
src/Stripe/Service/CheckoutSessionService.php,157,ReturnRemoval
src/Stripe/Service/CheckoutSessionService.php,228,LogicalAnd
src/Stripe/Service/CheckoutSessionService.php,236,LogicalOrAllSubExprNegation
src/Stripe/Service/CheckoutSessionService.php,236,LogicalOrSingleSubExprNegation
src/Stripe/Service/CheckoutSessionService.php,236,LogicalAnd
src/Stripe/Service/CheckoutSessionService.php,237,CastFloat
src/Stripe/Service/CheckoutSessionService.php,238,OneZeroFloat
src/Stripe/Service/CheckoutSessionService.php,246,LogicalAnd
src/Stripe/Service/CheckoutSessionService.php,246,DecrementInteger
src/Stripe/Service/CheckoutSessionService.php,246,IncrementInteger
src/Stripe/Service/CheckoutSessionService.php,264,ArrayItemRemoval
src/Stripe/Service/CheckoutSessionService.php,267,ArrayItemRemoval
src/Stripe/Service/CheckoutSessionService.php,287,Concat
src/Stripe/Service/CheckoutSessionService.php,287,ConcatOperandRemoval
src/Stripe/Service/CheckoutSessionService.php,295,NotIdentical
src/Stripe/Service/CheckoutSessionService.php,296,Concat
src/Stripe/Service/CheckoutSessionService.php,296,ConcatOperandRemoval
src/Stripe/Service/CheckoutSessionService.php,296,ConcatOperandRemoval
src/Stripe/Service/CustomerDataSanitizer.php,25,DecrementInteger
src/Stripe/Service/CustomerDataSanitizer.php,25,IncrementInteger
src/Stripe/Service/CustomerDataSanitizer.php,28,ReturnRemoval
src/Stripe/Service/CustomerDataSanitizer.php,42,MBString
src/Stripe/Service/CustomerDataSanitizer.php,42,GreaterThan
src/Stripe/Service/CustomerDataSanitizer.php,43,IncrementInteger
src/Stripe/Service/CustomerDataSanitizer.php,43,MBString
src/Stripe/Service/ModuleConfigurationService.php,386,CastBool
src/Stripe/Service/OxidUserFieldReader.php,57,InstanceOf
src/Stripe/Service/PaymentIntentResolver.php,48,Concat
src/Stripe/Service/PaymentIntentResolver.php,48,ConcatOperandRemoval
src/Stripe/Service/Result/CheckoutReturnResult.php,126,Coalesce
src/Stripe/Service/StaticContent.php,49,Continue
src/Stripe/Service/StaticContent.php,114,ProtectedVisibility
src/Stripe/Service/StaticContent.php,117,MethodCallRemoval
src/Stripe/Service/StaticContent.php,121,Ternary
src/Stripe/Service/StaticContent.php,126,FalseValue
src/Stripe/Service/StaticContent.php,126,Coalesce
src/Stripe/Service/StaticContent.php,126,CastBool
src/Stripe/Service/StaticContent.php,127,DecrementInteger
src/Stripe/Service/StaticContent.php,127,IncrementInteger
src/Stripe/Service/StaticContent.php,127,Coalesce
src/Stripe/Service/StaticContent.php,127,CastFloat
src/Stripe/Service/StaticContent.php,128,DecrementInteger
src/Stripe/Service/StaticContent.php,128,IncrementInteger
src/Stripe/Service/StaticContent.php,128,Coalesce
src/Stripe/Service/StaticContent.php,128,CastFloat
src/Stripe/Service/StaticContent.php,129,Coalesce
src/Stripe/Service/StaticContent.php,132,MethodCallRemoval
src/Stripe/Service/StaticContent.php,149,ProtectedVisibility
src/Stripe/Service/StaticContent.php,158,LogicalOr
src/Stripe/Service/StaticContent.php,173,MethodCallRemoval
src/Stripe/Webhook/Handler/CheckoutSessionExpiredWebhookHandler.php,50,MethodCallRemoval
src/Stripe/Webhook/Handler/CheckoutSessionExpiredWebhookHandler.php,54,ArrayItemRemoval
src/Stripe/Webhook/Handler/CheckoutSessionExpiredWebhookHandler.php,54,MethodCallRemoval
src/Stripe/Webhook/StripeWebhookEventParser.php,96,LogicalAnd
src/Stripe/Webhook/StripeWebhookEventParser.php,97,UnwrapStrToUpper
src/Stripe/Webhook/StripeWebhookProcessor.php,52,MethodCallRemoval
